id,knowledge,news_source,news,ideology,engagement,age,education,female
1,50,Conservative,63,39.3,79.5,44.4,14,Yes
2,32,All,59,35.6,69.2,67.9,9,Yes
3,45,None,49,75.7,61,45.7,12,Yes
4,26,None,22,23.5,66.8,39.3,15,Yes
5,79,None,54,69.5,80.8,59.5,15,No
6,31,Conservative,65,18,99.6,43.8,12,Yes
7,22,Conservative,63,33.2,37.4,29.6,10,No
8,93,Conservative,50,29.7,88.6,29.6,16,No
9,23,None,12,52.5,82.4,45.1,12,Yes
10,41,Liberal,16,14,87.3,18.7,11,No
11,23,Liberal,43,62,67,47.5,9,Yes
12,35,Conservative,29,54,68.5,80.7,12,Yes
13,44,None,34,28.3,69.4,18.3,10,No
14,97,Conservative_Liberal,56,30.1,78.2,79.1,17,No
15,5,Liberal,11,64,84.5,91.3,11,Yes
16,54,Conservative_Liberal,81,31.7,97.8,32.5,13,Yes
17,79,None,66,41,83.8,37.7,15,Yes
18,58,Conservative,66,11,78.3,30.8,16,Yes
19,96,Conservative_Liberal,57,17,92.4,49,15,Yes
20,93,Conservative_Liberal,91,25.2,66.1,68,14,No
21,80,Conservative_Comedy,64,0.2,54.9,58.9,15,No
22,22,Liberal,22,48.9,75.2,50,12,Yes
23,79,Liberal_Comedy,63,65.2,83.4,51.9,16,No
24,45,None,6,53.3,64.5,83.1,9,Yes
25,62,Conservative,58,48.4,98.3,67,16,No
26,71,Conservative,49,17.3,90.1,49.9,12,Yes
27,36,Conservative_Liberal,99,16.3,95.3,33.5,16,Yes
28,41,None,6,41.8,83.8,41.8,12,Yes
29,62,None,72,42.7,75.8,72.8,13,Yes
30,78,All,99,79,56.4,59.8,18,No
31,49,None,38,49.9,83.2,66.8,18,No
32,84,Comedy,27,64.9,88.1,45.4,14,Yes
33,10,Liberal,29,20,97.7,65.1,16,Yes
34,44,Liberal,70,25,73.9,80.5,11,No
35,35,Conservative,34,26.9,64.3,52.1,16,Yes
36,36,Conservative_Liberal,55,41.9,72.5,21.8,13,No
37,49,Conservative_Comedy,73,57.8,57.4,31,13,No
38,76,Conservative,51,28.2,67.8,65.6,17,Yes
39,57,None,89,82.5,87.4,50.7,16,Yes
40,57,Conservative_Liberal,62,57.7,89,59.7,18,Yes
41,57,None,48,44.4,69.7,62.1,15,Yes
42,87,All,77,50.2,75.3,65,18,No
43,27,Conservative_Liberal,31,6,71.4,18.2,8,No
44,70,Conservative_Liberal,81,58.8,75.4,45.3,18,Yes
45,36,None,22,20,85.2,28.4,13,Yes
46,92,Conservative_Liberal,57,59.1,75.6,44,16,No
47,31,None,6,33.6,62.8,51.8,14,Yes
48,84,Conservative_Comedy,71,44.2,89.8,38.6,16,Yes
49,62,None,16,39.8,85.9,53,15,No
50,62,Conservative,56,34.9,59.3,53.8,12,Yes
51,79,Comedy,83,43.1,93.5,62,15,No
52,36,Conservative,44,55.4,73.1,43.4,13,Yes
53,35,Comedy,9,47.5,38.9,22.8,12,No
54,37,Conservative,68,13,51.9,80.2,8,No
55,49,Conservative_Liberal,70,30.7,63.2,31.1,16,No
56,97,Conservative,78,56.8,78.1,75.1,13,No
57,84,Conservative,67,31.4,64.5,64.8,12,No
58,61,None,96,52,76.1,83.2,12,Yes
59,61,Conservative,74,39.7,45.6,69.9,15,Yes
60,58,Conservative,58,45.5,31.9,26.6,16,Yes
61,92,Liberal_Comedy,92,42.7,97.2,44,16,Yes
62,57,Conservative,28,37.4,60,56.3,14,No
63,96,Liberal,44,44,80.6,52.1,16,Yes
64,49,None,17,84.2,27.2,24.9,8,No
65,53,Conservative_Comedy,49,54,82.8,49.8,15,No
66,39,None,37,47.9,78.2,73.9,15,No
67,54,None,23,48.9,29.8,43.4,12,No
68,53,None,63,79.5,93.6,64.7,12,No
69,49,Conservative,41,21,79.7,91.4,16,Yes
70,92,None,42,53.1,71.1,65.3,16,No
71,76,Conservative_Liberal,47,33.4,80.9,48.8,16,No
72,74,Liberal,36,94.4,86,51.1,18,Yes
73,67,Conservative_Liberal,66,59,69.6,64.4,13,Yes
74,45,Comedy,6,57,81.1,19.1,14,No
75,36,Conservative,39,6,16.7,61.3,15,No
76,92,All,71,69,86.4,62.2,12,No
77,80,Liberal,53,70.3,97.9,70.7,17,Yes
78,92,All,95,92.8,96.3,73.9,16,No
79,49,None,6,50.5,38.7,60.6,16,No
80,48,None,23,56.3,83.1,68.3,13,Yes
81,66,None,45,29.2,57.7,65.1,9,No
82,57,Conservative,84,57.4,87.9,84.2,18,Yes
83,36,Liberal,89,26.5,78.6,80.5,16,Yes
84,78,Liberal,73,93.2,86,29.5,16,Yes
85,70,Liberal,55,73.3,85.7,61.9,17,Yes
86,26,All,68,37.4,40.3,68.6,16,Yes
87,83,Liberal_Comedy,90,78.7,77.2,46.4,18,No
88,83,All,45,28.7,95.1,38.9,17,No
89,54,None,30,40.1,79.4,52.3,12,Yes
90,26,None,35,47.1,38.2,49.3,13,Yes
91,79,Liberal,55,56.4,98.3,22.8,16,Yes
92,58,Liberal,18,53.5,76,35.6,17,No
93,88,Liberal,29,66.7,85,55.3,18,Yes
94,75,Liberal_Comedy,49,98.2,85.8,77.6,15,No
95,83,Conservative_Comedy,86,50.1,73.8,53.5,12,No
96,79,Conservative_Liberal,95,38.6,61.3,69.3,12,No
97,83,Liberal,77,51.7,96.7,88.9,12,Yes
98,45,Conservative,38,26.6,74,74.7,14,Yes
99,14,None,6,28,27.4,18.8,15,No
100,80,Liberal,36,51,87.6,70.4,18,No
101,58,None,28,53.2,80.8,77,12,Yes
102,9,None,27,32.2,56.1,20.7,11,Yes
103,76,Conservative_Liberal,84,51.7,62,60.9,12,No
104,22,None,6,68,53.1,27.6,12,Yes
105,18,Conservative_Liberal,62,74.5,97.8,18.5,12,Yes
106,96,Liberal_Comedy,70,71.3,75.5,51.4,14,No
107,22,None,27,24.1,45.3,44.6,10,No
108,78,Conservative_Comedy,70,37.8,52.8,63.5,16,Yes
109,44,None,34,42.7,99.1,48.4,12,Yes
110,84,None,54,29.8,67.2,78.9,16,No
111,92,Liberal,43,42.4,97.9,75.4,16,Yes
112,32,None,30,89.1,62,33.1,12,Yes
113,91,Liberal_Comedy,83,74.8,85.5,68.2,16,Yes
114,40,None,9,36.5,91.2,58.6,12,No
115,88,Liberal,67,42.6,90.6,69.8,17,Yes
116,62,Conservative_Comedy,44,32.3,88,55.3,14,No
117,58,Conservative,68,43.1,54.2,67.1,12,Yes
118,57,Conservative_Liberal,76,9.2,73.8,60.4,14,No
119,65,Conservative_Liberal,86,92,88.3,78.1,16,Yes
120,39,Conservative,45,38,74.9,76.4,14,No
121,49,Conservative,56,16.8,80.7,37.8,15,No
122,36,Conservative_Liberal,92,46,80.5,23.1,14,No
123,19,All,90,47.9,49.6,18.9,14,No
124,39,None,32,22.3,59,43.8,16,Yes
125,58,Liberal,25,21.3,78,42.1,15,Yes
126,40,Conservative_Liberal,50,53.3,40.8,18.1,12,Yes
127,76,Conservative,100,53.4,83.6,87.4,18,Yes
128,57,None,68,38.7,79.4,23.1,15,Yes
129,57,Conservative,45,6.9,50.4,18.5,13,No
130,96,None,36,59,79.4,62.4,16,No
131,92,Conservative_Liberal,63,23.5,77.6,44.2,13,No
132,19,None,36,29.6,63.2,70.8,16,Yes
133,52,None,23,20.3,47.3,65,18,No
134,67,Liberal,24,85.9,95.1,52.1,17,Yes
135,97,None,19,54.7,59.6,78.4,11,No
136,49,Conservative_Liberal,91,69.7,50.4,85.1,13,No
137,62,Liberal,22,23,77.6,40.3,16,Yes
138,97,Conservative,20,27.3,63.8,60.5,17,No
139,19,None,8,42,82,34.2,12,Yes
140,14,None,8,36.4,47.1,25.9,15,Yes
141,62,Liberal,28,86.8,70.8,55.7,18,Yes
142,39,Comedy,48,27.4,79.5,51,12,Yes
143,67,None,24,68.2,98.6,48.3,18,No
144,92,Conservative,63,52,71.5,82.5,18,No
145,13,Conservative_Comedy,50,84.3,61,19.3,11,Yes
146,32,Liberal,26,40,84.4,50.2,13,No
147,32,All,80,22,60.4,66.2,12,Yes
148,58,Liberal,15,59.6,86.8,49.7,13,No
149,22,Conservative,59,14.2,67,75.8,12,Yes
150,83,None,35,67.1,80.6,41.2,18,Yes
151,63,All,91,54.2,71.9,72.7,14,No
152,36,None,22,98.3,86.4,19.4,15,No
153,31,Conservative,50,73.4,31.3,18.5,12,Yes
154,49,None,58,42.3,81.7,40.2,15,Yes
155,39,None,6,17.7,67.9,50.4,14,Yes
156,31,Conservative,59,56.7,93.8,67.2,12,Yes
157,75,Liberal_Comedy,78,85.5,92.7,23.5,14,No
158,52,Liberal,22,31.3,77.8,74.6,13,No
159,23,Conservative,21,50.3,45.5,30.4,12,No
160,79,Comedy,16,66.2,93.1,28.4,17,Yes
161,36,Conservative,45,47.7,95.9,78.1,16,No
162,50,Conservative_Liberal,43,23.1,75,30.6,14,No
163,27,Liberal,32,64.8,64.1,66.3,12,Yes
164,66,None,6,25.8,68.8,46.3,16,Yes
165,45,None,6,47.9,86.4,42.8,18,Yes
166,75,Conservative_Liberal,67,55.5,77.3,49.9,16,No
167,40,None,20,55.9,83.5,40,16,No
168,84,None,53,48,80,65.9,18,Yes
169,71,Conservative_Liberal,60,12.6,84.2,72.2,15,Yes
170,67,Liberal,48,51.5,68.8,36.1,17,Yes
171,92,All,45,55,67.5,67,14,Yes
172,88,Conservative,47,39.5,55.4,58.2,13,No
173,74,Liberal_Comedy,59,60,77.1,45.5,17,No
174,52,Conservative_Liberal,79,44.8,99.4,64.1,12,Yes
175,63,None,69,69.3,70.4,50.5,14,No
176,26,None,21,28.9,72.2,42.1,14,No
177,70,Conservative_Liberal,99,21,84,60.8,13,No
178,41,Conservative,40,40.1,12.9,37.9,12,No
179,92,Liberal,13,60.2,83.1,35.2,16,No
180,93,Conservative,28,6,71.7,52.8,17,Yes
181,67,All,72,36.3,36.3,76.4,12,Yes
182,70,None,26,24.2,52.7,50.8,12,No
183,40,None,40,19,51.2,42.2,10,Yes
184,71,None,6,36,69.5,48.1,13,No
185,23,None,18,61,70.6,44,12,Yes
186,23,Conservative,42,30.9,71.8,24.2,12,Yes
187,19,None,16,90.4,67.5,30.3,12,Yes
188,18,None,15,8,58.3,58.5,11,No
189,57,Conservative_Liberal,79,65.8,79.3,70.3,13,Yes
190,85,Conservative,50,27.3,82.1,65.6,16,No
191,49,None,35,28.9,80,65,12,No
192,49,None,13,48.5,83.7,55.6,13,No
193,70,Conservative,72,48.3,91.3,39.6,14,Yes
194,83,None,40,51.2,78.3,48.5,18,Yes
195,49,None,25,40,24.5,85.6,13,Yes
196,89,Liberal,79,93,86.5,76.3,15,Yes
197,54,None,19,40.2,14.7,20,12,Yes
198,36,Conservative,66,76.5,78.7,37.8,12,No
199,40,None,17,14,43.4,53,12,No
200,63,None,48,71.9,93.9,44.9,16,No
201,88,Conservative_Liberal,77,14.5,96.7,71,15,No
202,31,Conservative,38,35,66.3,21.4,16,Yes
203,53,None,6,49.1,52.5,37.4,12,No
204,97,Comedy,62,65.3,86,26.6,16,No
205,66,None,41,53.1,79.1,43.6,15,No
206,45,Conservative,29,24.4,55.5,45.5,12,No
207,80,None,33,55.9,93.1,58.8,18,Yes
208,88,None,70,39.3,60.9,25.6,15,No
209,53,None,22,24.5,68.1,63.4,16,No
210,67,Liberal_Comedy,52,27.9,75.7,43.9,16,No
211,48,None,77,65.2,93.9,58.6,12,Yes
212,67,Conservative,41,38.2,29.6,84.3,15,No
213,76,Liberal,53,40.1,95.5,55.5,17,No
214,36,None,26,28.3,72.1,39.6,13,Yes
215,58,None,50,57.4,78.3,46.5,17,Yes
216,89,All,90,59.2,84.7,76,16,No
217,84,Conservative,78,57.2,79.4,45.8,13,Yes
218,63,Liberal,76,77.5,85.9,42.1,16,No
219,26,Liberal,28,72.1,86.4,39.2,14,Yes
220,62,Conservative,37,7.1,73.3,80.5,11,Yes
221,78,Liberal_Comedy,34,24.6,83.1,34.2,14,No
222,88,None,20,65.4,67,65,16,No
223,53,Conservative,74,62.5,45.1,32.6,16,Yes
224,49,Conservative_Liberal,68,67.4,58.2,37,16,Yes
225,58,Comedy,15,36.6,42.9,43.4,15,Yes
226,70,Comedy,28,46.5,78.3,48.6,13,Yes
227,67,Conservative,69,36.4,40.5,29.3,13,No
228,70,All,97,41.9,81.2,47,16,No
229,19,Liberal_Comedy,39,21.9,25.7,20.4,12,Yes
230,78,None,58,37.8,94.9,80.4,16,No
231,96,Conservative_Liberal,70,47.9,78.4,77.7,17,No
232,44,None,49,52.8,76.6,40.1,13,No
233,27,Liberal,23,90.9,79.3,38.3,13,No
234,40,None,35,27.6,42.8,36.7,13,Yes
235,58,None,30,45.6,77.1,50.8,13,Yes
236,70,Liberal,37,49,79.6,71.9,16,No
237,22,Conservative_Comedy,43,93,81,44.1,12,Yes
238,54,None,45,32.5,93.1,37.2,14,Yes
239,10,Conservative_Comedy,37,27,51.7,38,12,Yes
240,57,None,29,26.7,85.4,70.3,13,No
241,28,Conservative_Liberal,59,39.6,63.3,60.2,9,Yes
242,58,Liberal_Comedy,58,79.7,87.3,49.5,18,Yes
243,75,Conservative,86,67.3,87.3,49.5,12,Yes
244,58,None,64,31.9,56.8,73.1,12,Yes
245,26,Comedy,52,50.8,65.4,21.4,13,No
246,32,Conservative,36,42,63.5,55.1,12,No
247,39,Conservative_Comedy,62,31,70.6,38.1,16,Yes
248,23,None,10,21,19.4,50,15,No
249,50,Conservative_Liberal,100,46.6,78.6,41.9,16,No
250,39,All,54,52.4,44.7,30.4,12,No
251,84,All,72,34.4,83.7,71.7,12,No
252,71,Conservative_Comedy,88,22.6,82,47.2,14,No
253,88,Conservative_Liberal,75,37.3,94.9,44.2,18,No
254,39,None,57,42.3,83,35.8,16,Yes
255,100,Liberal,65,72.4,91,72.3,17,No
256,96,Conservative,94,55.1,77.1,29.6,16,No
257,70,Liberal,28,31.7,62.7,92.2,17,No
258,45,Conservative,41,21.7,78.2,33.7,13,Yes
259,41,Liberal,66,7,35.1,51.9,16,Yes
260,35,Conservative,47,32.3,83,80.2,17,No
261,93,Liberal,37,53,93.6,53,16,Yes
262,76,Conservative,64,15.4,91.2,74.6,17,No
263,98,Conservative,98,30.4,66.7,73.6,12,Yes
264,57,None,44,40.2,91.9,80,13,No
265,62,Conservative,51,47.4,69,52.8,16,No
266,36,Conservative,40,51,36.3,18.2,12,No
267,54,Liberal_Comedy,71,73.6,81.4,18.3,12,Yes
268,45,None,65,52.8,40.9,35.1,12,No
269,75,Conservative,88,35,99.2,60.1,14,No
270,66,Conservative,59,68,89.6,72.1,18,Yes
271,41,Liberal,59,55.2,87.3,84.1,18,No
272,75,Liberal,39,83,80.2,58.6,16,Yes
273,63,Conservative,80,22.8,80.8,52.1,16,Yes
274,49,Liberal,40,48.4,79.9,42.1,17,No
275,49,Conservative_Comedy,73,77.6,46.6,19,9,Yes
276,53,None,42,39.4,75,61.5,17,Yes
277,10,None,7,42.2,67.7,50,12,Yes
278,62,None,32,52.5,82.7,47.7,13,Yes
279,85,Conservative,48,50,79.5,45.1,16,No
280,75,None,35,32.7,63.4,51,12,No
281,63,Liberal_Comedy,73,31.2,89.1,26.2,13,Yes
282,93,All,90,42.7,85.7,53.9,17,No
283,88,All,93,58.2,50.2,70,16,Yes
284,53,None,12,23,80.8,46.5,12,Yes
285,96,Liberal_Comedy,34,77.6,91,58.1,17,No
286,61,None,26,22.7,76.6,60.3,16,Yes
287,54,Conservative,68,26,77.1,89,16,Yes
288,74,Liberal,77,41.5,76.7,88.2,16,No
289,80,Conservative_Liberal,65,20.1,73.4,37.4,13,No
290,79,Conservative_Liberal,51,57,82,27.3,17,No
291,48,None,15,58,66.9,41,13,No
292,19,None,15,49,66,48.6,12,Yes
293,87,All,78,29.8,74,83.5,16,Yes
294,93,Conservative,56,48.4,81.2,47.1,17,Yes
295,66,All,89,70.6,92.6,45.1,15,No
296,92,Conservative_Liberal,75,34.3,90.5,71.6,17,No
297,13,None,40,30.4,87.1,82.4,12,Yes
298,36,Conservative,18,42.8,80.1,38.7,13,No
299,35,Comedy,11,59,44.9,18.2,9,No
300,71,Comedy,50,32.2,83.9,58.6,16,No
301,41,All,36,58.9,35.3,66,12,Yes
302,54,Conservative_Liberal,74,45.2,67.5,61,13,No
303,14,None,32,56.5,43.3,21.3,13,Yes
304,27,None,27,33.5,64.3,65.5,14,No
305,71,Conservative_Liberal,68,32,47.4,51.6,13,No
306,70,Conservative,74,50.3,39.5,48.2,12,No
307,41,None,12,58.5,70.1,54.6,16,Yes
308,50,Conservative,75,62,78.1,30.3,16,Yes
309,92,Conservative,45,34.3,76.3,67.3,12,No
310,40,None,6,33.4,19.3,18.5,10,No
311,41,Liberal,69,0.4,82.4,19,12,No
312,23,None,8,21.5,91.2,23,15,Yes
313,80,Conservative,34,38.2,99.2,39.2,16,No
314,62,Conservative,73,54.5,95.1,57.5,13,Yes
315,92,Conservative_Liberal,49,33.6,49.5,60,12,No
316,70,None,19,20.7,83.5,39.3,16,No
317,67,None,42,42.9,77.2,48.8,12,No
318,70,Liberal_Comedy,50,64.5,70,52.6,15,No
319,40,None,31,37,61.8,40.9,12,No
320,36,Conservative_Liberal,97,53.4,52.3,39.4,12,Yes
321,19,None,9,49.7,45.6,71,9,Yes
322,74,Conservative,59,58.8,90.8,35.3,16,No
323,49,Conservative,80,28.6,98.3,67.9,15,Yes
324,71,Conservative,16,30,68.3,46.7,17,No
325,31,All,61,25.2,47.5,47.4,13,Yes
326,31,Conservative_Liberal,65,30.8,63.2,52.8,14,Yes
327,40,None,48,33.2,78.1,22.3,12,No
328,66,None,46,26.6,84,49.7,14,No
329,39,Conservative,33,89,73.8,82.5,12,Yes
330,45,Conservative,67,30.7,76,45.1,16,No
331,62,Conservative_Comedy,95,50.6,77.5,58.4,12,Yes
332,100,Conservative,67,37.8,95.1,61.3,16,No
333,74,None,35,69.8,58.2,54.4,17,No
334,44,None,8,28.6,68.2,61.2,13,Yes
335,48,None,17,38.3,82.9,81.3,14,Yes
336,48,Conservative,66,71,81.7,58.8,17,Yes
337,28,Conservative_Liberal,76,13,45,37.1,12,No
338,32,Conservative_Liberal,96,52.3,67.8,35.1,12,No
339,36,Liberal,42,66.3,60.2,40.3,11,Yes
340,49,None,25,11.4,90.7,47,15,Yes
341,27,None,11,77,48,51.1,16,No
342,35,None,50,23.3,41.4,18,12,Yes
343,52,Conservative,45,42.7,80.3,30,14,Yes
344,35,None,7,20,86.1,46.6,15,Yes
345,53,None,45,36.3,68,31,15,No
346,31,Conservative,14,62.6,83.2,61.7,10,No
347,79,Conservative,33,37.9,66.9,69.8,12,Yes
348,66,Conservative_Liberal,77,52.6,94.7,34.9,17,No
349,32,Conservative,76,23.1,81.6,61.9,12,No
350,41,Liberal,18,81,71,45.9,12,Yes
351,83,Conservative_Liberal,75,1.4,84.9,54.9,12,Yes
352,27,Conservative_Liberal,79,37.7,77.7,60.4,12,No
353,83,Conservative,64,48.1,82.8,73.9,15,Yes
354,58,Conservative_Liberal,86,71.8,56.9,46.1,12,No
355,50,Conservative,44,54.8,45.2,37.1,14,No
356,100,Conservative_Liberal,63,55.3,89,53.6,18,No
357,93,Conservative,48,34.8,79.2,46,16,Yes
358,92,Liberal,73,43.7,77.3,48.8,16,No
359,75,Conservative_Liberal,44,30.4,99.9,35,17,No
360,24,None,33,32.9,46.4,50.1,11,No
361,14,None,6,76,57.6,48.1,11,Yes
362,40,Conservative,54,6.7,68.2,46.3,15,Yes
363,83,Conservative_Liberal,45,27.4,99.1,54,16,Yes
364,84,Conservative,41,44.1,70.3,54.4,16,No
365,67,Conservative_Liberal,92,37.2,94.8,60.7,15,No
366,66,Liberal_Comedy,70,72.2,76.8,39.7,18,Yes
367,32,Liberal,57,59,51.9,19.3,14,Yes
368,23,None,16,53,54.3,19.9,12,No
369,83,Liberal,35,67.4,87.1,72.9,18,No
370,48,Conservative_Liberal,76,77.1,41.2,58.2,16,No
371,83,All,94,58.8,84.8,64.8,17,No
372,71,Liberal_Comedy,65,56.6,85.1,68.2,15,Yes
373,23,Conservative,25,71,77,81.5,8,No
374,37,None,28,31.8,94.6,20.5,13,No
375,48,Conservative,57,94,83.3,24.3,13,Yes
376,74,Liberal,76,64.3,73.9,61.6,17,Yes
377,19,None,7,60.9,41.7,26.8,16,Yes
378,80,None,40,57.1,70.8,65.3,16,No
379,67,Liberal,54,71,81.6,42.5,17,Yes
380,76,None,36,56.8,84,42.8,12,Yes
381,35,Liberal_Comedy,57,92,62.8,22.5,13,No
382,71,Liberal,58,30.7,68.5,68.5,13,Yes
383,76,None,39,26.8,70.7,35.4,16,Yes
384,48,Conservative,51,51.9,98.1,65.5,17,Yes
385,31,Conservative_Comedy,52,53.2,72.4,23.5,15,Yes
386,31,None,63,45.3,82.3,50.1,18,Yes
387,96,Liberal,33,65.4,79.8,60.3,17,Yes
388,83,None,6,25.1,70.4,65.8,17,No
389,44,Conservative,58,34.3,86.1,80.6,12,No
390,40,None,39,17.7,72.3,40.8,12,No
391,31,None,34,59.6,53.8,82.7,12,Yes
392,45,Liberal,11,23.7,84.1,55.8,16,Yes
393,18,None,27,93,83.7,78.8,12,Yes
394,92,Conservative_Liberal,99,45.8,85.4,50,16,No
395,1,None,48,48.6,81.4,82.3,11,Yes
396,28,None,23,66.7,83.2,50.2,12,No
397,75,All,90,27.5,80.6,39.6,16,No
398,70,Conservative,23,42.6,57.9,56.9,13,No
399,44,Conservative_Liberal,93,12,75.1,78.3,12,Yes
400,44,Conservative,46,50.1,76.3,60.5,10,Yes
401,35,Conservative_Liberal,59,55.6,76.4,34.9,15,Yes
402,48,Conservative_Liberal,39,25.9,81.1,37.6,16,No
403,83,Liberal,39,57.3,54.1,65.8,17,No
404,41,Conservative,54,55.3,42.8,28.5,9,No
405,23,None,39,67.4,38,44.1,12,Yes
406,89,Conservative,51,59.7,81.2,58.3,17,No
407,49,Liberal,56,46.9,86.5,41.2,15,No
408,32,Conservative,61,22,76.6,74.7,12,Yes
409,48,None,9,75,75.9,70.1,9,No
410,39,None,48,58.6,58.7,78.4,12,Yes
411,44,None,7,55,66.5,71.8,9,No
412,75,Conservative,75,26,74.8,49.6,14,No
413,31,None,40,54.8,51.1,22.7,16,Yes
414,83,None,26,13.3,83.2,79,16,No
415,79,Liberal,13,44,72.4,44.7,12,No
416,58,All,61,57.6,53.2,18.3,12,No
417,92,Conservative,52,50,94.3,79.9,13,No
418,66,None,77,57.5,97,51.6,16,Yes
419,71,Conservative,54,44.6,89.4,61.1,12,No
420,54,Conservative,40,19.7,79.7,39.5,12,No
421,83,Conservative,76,30.4,88.6,56.1,16,No
422,79,Comedy,34,33.5,97.3,43.9,17,Yes
423,71,None,28,53.2,85.3,52.1,14,Yes
424,36,Conservative,62,52.5,63.3,41.5,12,Yes
425,32,None,55,33.4,63.5,86.2,12,Yes
426,75,Conservative_Comedy,47,31.5,71.8,30.9,12,No
427,54,None,26,46,63.4,72.9,11,Yes
428,49,None,18,90,76,76.2,12,Yes
429,22,Conservative,14,20.9,72.9,37.3,10,No
430,27,Liberal,25,46.3,79.3,41.4,15,Yes
431,80,Conservative_Liberal,94,70.2,86.1,74.1,15,Yes
432,50,None,34,55.7,82.4,37.6,13,No
433,26,All,89,86.1,90.9,33.4,12,Yes
434,36,None,35,60,64,36,14,No
435,62,Conservative,50,41.3,62.3,51.4,12,Yes
436,44,None,6,32.3,67.3,31.5,18,Yes
437,39,Conservative_Liberal,40,3.8,57.6,33.5,12,Yes
438,78,None,20,21,82.3,60.7,18,No
439,58,Conservative,61,59.3,79,72.8,15,No
440,84,Liberal,28,57.6,77.7,27.2,16,No
441,88,Conservative,63,35.1,70.6,51.6,18,No
442,10,Conservative,24,44.7,67.3,57.2,9,Yes
443,79,None,45,45.1,80.3,69.6,16,No
444,74,None,47,43.5,84.8,31.8,16,Yes
445,83,Conservative,61,46.5,64.7,28.3,18,No
446,40,Liberal_Comedy,93,46.2,53,19,12,No
447,71,Conservative_Liberal,97,25.1,56.8,56.8,14,Yes
448,70,None,33,41.5,83.1,55.4,12,No
449,57,None,43,43.4,93.3,52,12,Yes
450,87,Liberal,70,77.4,75.5,55.9,18,Yes
451,48,All,73,79.1,53.6,29.8,12,No
452,36,All,99,67.1,79.6,22.8,14,Yes
453,93,All,90,55,90.7,71.6,12,Yes
454,39,None,62,56.1,47.9,20.5,15,No
455,70,Conservative,62,13.9,64,45.2,14,Yes
456,5,None,12,86,98,50.5,12,No
457,50,Liberal,39,44.2,58.9,35.3,12,No
458,15,Conservative,57,42,71.1,55.6,12,Yes
459,58,None,43,34.2,71.8,53.8,13,Yes
460,75,Liberal,45,58.3,71.7,39.2,12,No
461,87,Liberal,72,70.6,77.6,47.6,17,No
462,74,None,24,4.6,34.6,49.4,16,No
463,54,Conservative_Comedy,51,43.6,80.2,49.8,18,No
464,40,None,39,40.4,79.5,54.7,12,Yes
465,88,Conservative_Liberal,86,58.5,66.6,67.4,17,No
466,44,None,31,44.6,95.9,84.3,13,Yes
467,87,Liberal_Comedy,66,60.9,99.9,74.7,12,Yes
468,39,None,47,37.4,87,38.2,16,No
469,57,Conservative,60,76.9,83.9,76.4,18,Yes
470,45,Conservative_Liberal,91,8,81.4,29.2,12,Yes
471,40,Conservative_Liberal,78,57.7,43.3,72.1,12,Yes
472,62,Conservative_Liberal,63,51.8,87.5,80.7,16,Yes
473,45,None,6,60.3,69,41.3,12,No
474,48,None,60,32.7,71.9,44.4,12,Yes
475,58,Conservative_Comedy,70,43.4,95.3,40.8,13,Yes
476,61,Conservative,46,2.5,84.5,48.9,12,No
477,44,Conservative_Liberal,87,27.8,62,28.7,13,Yes
478,75,Conservative,79,44.3,58.9,35.3,16,No
479,39,None,42,57.9,79.4,60.1,12,Yes
480,37,Conservative,88,70.8,96.5,53.6,16,No
481,79,Conservative_Liberal,86,52.5,69.4,76.4,12,No
482,28,Conservative,58,19.2,82.4,69.2,9,Yes
483,18,None,27,39.9,24.3,72.3,10,Yes
484,97,Liberal,14,8.1,69.3,19,10,No
485,87,Conservative_Comedy,71,35.7,55.7,75.3,12,No
486,89,Comedy,43,64,75.3,55.1,12,No
487,58,Conservative,42,23.8,84.7,62.5,14,Yes
488,62,Conservative_Liberal,67,35.2,87.4,57.5,16,Yes
489,83,Conservative,60,39.7,69.4,38.8,12,No
490,44,Conservative_Liberal,99,43.2,99.1,73.1,12,Yes
491,88,All,99,49.6,83.1,42.8,17,No
492,52,Liberal,51,59.9,99.1,66.4,13,Yes
493,23,None,8,77,61.3,18.4,16,No
494,36,None,6,39.9,76.9,36.1,16,Yes
495,79,Liberal,72,53.2,54.2,32.1,18,No
496,96,Conservative,63,2.3,73.6,68,12,Yes
497,9,Liberal,17,35.1,80.3,34.4,12,No
498,57,Conservative_Comedy,71,53,85.7,42.5,12,No
499,83,None,39,64.6,91.7,55.5,12,No
500,92,Conservative,80,24.8,84.2,69.8,15,No
501,66,Liberal,32,40.4,95.9,60.6,13,Yes
502,97,None,18,32.1,89.7,32.6,16,Yes
503,13,None,28,60,26,59.5,12,Yes
504,45,Conservative,24,48.5,70.1,42.8,12,No
505,89,Liberal,78,69.6,95.6,58.5,14,Yes
506,62,Conservative,72,46.1,89.4,37.1,13,No
507,66,Conservative,46,22,84,50,16,No
508,50,Conservative_Liberal,73,50.5,85.2,37.7,13,Yes
509,49,Liberal,61,62.4,88.5,60.2,12,Yes
510,40,Conservative,88,45.7,64.9,32.9,13,Yes
511,40,None,37,2.8,82.1,34.3,18,Yes
512,14,Conservative,75,58,78.8,26.8,14,Yes
513,23,Conservative,61,35.2,88.9,40.4,15,No
514,84,Conservative,37,56.2,60.3,43.2,13,No
515,71,Conservative_Comedy,52,49.4,39.8,61.3,11,Yes
516,48,None,29,56.2,73.4,60,16,No
517,35,Liberal,51,91.6,54,49.4,12,Yes
518,76,Conservative,67,30.9,68.5,77.8,12,Yes
519,75,Conservative_Liberal,73,11.1,95.5,62.4,14,No
520,40,None,6,46.7,89.4,32.5,18,Yes
521,70,None,52,43.6,86.9,41.9,18,Yes
522,58,Conservative_Comedy,69,37.8,55.7,18.5,12,Yes
523,97,Conservative_Liberal,57,20.2,67.7,41.9,13,No
524,93,Liberal,64,51.8,78.1,50.2,14,No
525,91,Liberal,55,75.3,91.3,76.6,18,No
526,65,Conservative_Liberal,51,31.2,97.4,34.9,16,Yes
527,28,Conservative_Comedy,87,65,87.9,71.9,8,No
528,71,Conservative,87,35.7,51.8,77,16,No
529,31,Conservative,42,2.1,24.5,57.9,12,Yes
530,97,Conservative,43,35.4,91.5,42.4,13,Yes
531,75,Conservative,62,29.2,92.9,62.8,15,Yes
532,37,Conservative,59,26.4,58.5,52.8,14,Yes
533,75,Conservative_Liberal,73,24.7,66.8,69.9,15,No
534,19,None,11,42.9,95.1,47.6,10,Yes
535,32,None,15,71,50.1,73.1,14,Yes
536,26,None,13,41.6,67,58.7,12,Yes
537,31,None,15,31,76,38.8,14,Yes
538,35,Conservative_Comedy,61,75.6,95.5,43.3,15,Yes
539,70,Conservative_Liberal,93,20.4,75.3,22.8,13,Yes
540,41,Conservative_Liberal,96,25.2,80.5,21.8,14,No
541,27,None,6,52.3,33.2,24.3,12,No
542,75,Liberal,45,46,65,34.6,16,Yes
543,28,Conservative,40,65.9,38.8,45.9,15,Yes
544,67,Conservative,67,23.9,53.2,57.9,12,Yes
545,57,None,44,35.1,74.6,42.1,16,No
546,75,Conservative,46,46.6,95.1,33.1,12,No
547,48,Liberal,10,59.5,45.3,29.2,12,Yes
548,39,None,12,26.3,51.3,54.9,18,Yes
549,40,Liberal,64,72.5,69.3,34.6,14,No
550,79,None,21,60.2,53.9,34.7,18,No
551,49,Conservative_Comedy,64,79,58.9,44.5,12,No
552,53,Conservative,68,49.5,90.6,48.8,16,Yes
553,41,Conservative_Comedy,62,30.3,66.2,18.7,11,No
554,63,None,74,51,86.6,47.5,15,No
555,57,Conservative_Comedy,97,47.3,59.5,19.7,12,Yes
556,79,None,18,21.2,55.4,40,12,No
557,49,Comedy,38,41.5,73.1,50.6,15,Yes
558,66,Conservative,77,49.7,83.4,62.7,16,Yes
559,48,Comedy,76,67.7,93.4,26.4,14,Yes
560,10,None,32,48.4,74,70.8,10,Yes
561,79,Liberal,47,22.5,69.7,69.8,12,Yes
562,93,Liberal_Comedy,41,78.5,85.8,35.4,16,No
563,53,None,21,70.3,73.3,62.1,14,No
564,66,Conservative_Liberal,80,51.8,87.1,53.7,18,Yes
565,83,None,36,74.8,76.6,64.9,13,Yes
566,35,Conservative,44,25,87.3,66.7,12,No
567,92,Comedy,71,48.1,84.5,34.2,18,No
568,63,Conservative_Liberal,53,77.4,65.9,52.9,15,Yes
569,48,Conservative,56,18.6,81.3,34.7,12,No
570,70,Conservative_Liberal,69,22.1,81.3,25.8,14,No
571,75,Conservative,82,38,51.6,76.2,15,Yes
572,36,Conservative,62,38,50.1,40.2,16,No
573,93,Liberal,49,59.8,94.5,63.2,17,Yes
574,67,Liberal_Comedy,36,86.7,81.4,39.8,16,Yes
575,28,Conservative_Liberal,94,45.4,78.1,35.5,12,Yes
576,80,Conservative,74,10,91.3,64.8,12,No
577,54,None,58,35.6,93.3,35.8,17,No
578,65,Liberal,10,75.7,80.2,34.2,16,Yes
579,36,Conservative_Comedy,84,34,76.4,22.2,12,Yes
580,31,Conservative_Liberal,71,49.8,74,39.2,15,No
581,66,Liberal,31,65.5,99.9,38,18,Yes
582,66,None,73,70,75.9,54,18,Yes
583,93,All,97,51.3,82.3,79.9,18,No
584,27,None,39,43.3,62.5,69.4,12,Yes
585,79,Conservative_Liberal,83,34.9,84.4,92.9,12,Yes
586,53,Conservative_Liberal,87,43.9,71.8,49.1,12,No
587,14,None,16,56.4,60.1,83.4,8,Yes
588,18,None,20,41,71.4,44.4,12,No
589,92,Liberal_Comedy,69,71.8,93.3,77.4,16,Yes
590,45,None,33,46.8,91.8,18.8,12,Yes
591,71,All,95,64.9,55.9,54.6,17,No
592,88,Conservative,68,40.7,74.4,36.8,16,No
593,40,Conservative_Comedy,44,45.8,28.4,18.1,10,No
594,84,Liberal,54,77.6,84.7,31.2,16,No
595,23,Conservative,52,98.3,45.2,24.6,14,Yes
596,10,Liberal,56,41,47.2,88,16,No
597,14,Conservative,82,23.5,68.6,56,12,Yes
598,31,Conservative,41,77.5,71.2,21.1,12,Yes
599,32,Conservative_Liberal,44,99,31.5,50.3,12,No
600,62,Conservative_Liberal,90,46.4,87.1,23.6,16,Yes
601,23,Conservative_Liberal,93,2,84,19.7,10,No
602,96,Conservative,58,34.5,85.9,55,16,Yes
603,36,Liberal,83,63.5,90,44.1,15,No
604,57,Conservative,70,12.2,65.3,81.3,13,Yes
605,71,None,31,44.4,75.2,32.1,13,No
606,58,Conservative_Liberal,76,49.5,89.1,52.5,18,Yes
607,78,Liberal_Comedy,53,70.6,67.3,56.9,16,No
608,66,Conservative_Liberal,77,46.1,72.3,74,14,Yes
609,100,Conservative,96,0.2,77.1,62.3,16,No
610,75,Conservative_Liberal,96,50,79,52.3,16,Yes
611,83,None,33,59,87.8,58.9,17,Yes
612,43,None,18,49,63.1,62.9,16,Yes
613,45,Conservative_Liberal,90,55.8,69.9,86.5,13,Yes
614,80,Liberal,86,67.5,91.2,54.4,16,Yes
615,57,None,37,27.4,72.1,50.1,12,No
616,61,Conservative,79,56.8,74.1,44.2,12,Yes
617,13,None,15,49.7,92.4,41.2,12,Yes
618,32,None,48,50.6,82.2,86.2,12,Yes
619,70,Comedy,50,87.5,97.7,51.4,14,No
620,65,Conservative_Comedy,33,38.1,95.6,41.8,14,Yes
621,67,Conservative_Liberal,93,24.4,89,45.9,17,No
622,62,None,53,41.9,70.8,34.5,17,Yes
623,57,Conservative_Comedy,40,6,62.8,49.6,16,Yes
624,83,None,48,56.9,78.6,50.6,17,No
625,36,Liberal,64,88,84,71.1,13,No
626,49,None,45,70,89.1,44.3,16,Yes
627,54,Conservative,39,2,76,36.3,12,No
628,75,Conservative,57,34.2,81.5,38.1,17,Yes
629,97,Conservative,45,30.3,97.6,84.8,16,Yes
630,67,Conservative,47,24.3,73.5,72.4,16,No
631,48,Comedy,56,78,90.1,74,14,Yes
632,1,None,6,69,28,89.1,12,Yes
633,63,Conservative,62,41.9,25.5,66.2,14,No
634,22,None,8,57,84.9,72.2,10,Yes
635,36,None,22,5.2,67.3,76.8,12,Yes
636,75,Liberal,62,86.1,92.3,46.7,16,Yes
637,58,None,13,35.2,93.3,48.4,12,No
638,83,Conservative_Comedy,53,38.6,93.6,93,12,Yes
639,85,None,44,56.9,75.1,34.8,18,Yes
640,83,Conservative_Liberal,86,27.3,91.1,70.3,12,Yes
641,61,Conservative_Comedy,53,36.9,54.5,61.3,17,Yes
642,84,Conservative_Comedy,79,33.9,76.6,53.2,13,No
643,66,None,21,58,85.7,55.2,14,Yes
644,53,None,25,5,77.2,77.1,12,Yes
645,49,None,44,58.2,79.4,43.5,16,Yes
646,40,Conservative,92,57.6,79.9,33,18,Yes
647,31,None,26,89,33.9,54.9,10,No
648,62,Conservative,44,22.3,53.3,83.4,18,No
649,75,Liberal_Comedy,56,50.7,15.7,18.3,12,No
650,49,Conservative_Liberal,80,32.1,75,82.4,12,Yes
651,54,All,93,50.8,80,55.3,12,Yes
652,52,None,14,23.8,80.6,34.4,16,Yes
653,93,Liberal,36,71.5,65.7,62,17,No
654,97,Conservative_Liberal,57,42.7,62.6,40.6,16,No
655,88,Conservative,90,59.9,71.9,37.4,14,No
656,27,None,18,41.7,76.6,66.7,12,Yes
657,84,Conservative,45,32.4,84.6,37.8,13,No
658,89,Liberal_Comedy,76,51.4,79.2,32.4,15,No
659,44,None,32,45.1,77,77.9,9,Yes
660,92,Conservative_Liberal,99,43.6,58.1,46.1,14,No
661,45,None,6,42.8,93,55.4,12,No
662,44,None,29,51.6,86.9,40.6,14,No
663,40,None,15,72,79.3,25.5,12,Yes
664,44,None,25,51.1,63.3,52.6,12,Yes
665,45,Liberal,33,49,76.6,42.8,12,No
666,37,Conservative,16,35.4,66.1,37.1,18,Yes
667,35,None,19,51.6,78.6,54.1,14,Yes
668,71,None,15,50.4,63.8,58.3,13,No
669,35,Liberal,28,56.3,79.6,56,13,No
670,32,Conservative,13,46.4,85.6,34.5,15,Yes
671,83,All,99,58.6,74,50.2,16,Yes
672,83,All,96,66.5,75.2,69.9,18,Yes
673,74,Conservative_Liberal,58,77,84.5,34.1,15,No
674,50,None,47,74.7,82.3,54.8,16,Yes
675,84,Liberal_Comedy,43,74.2,70.2,51.7,18,Yes
676,93,Conservative_Liberal,66,51.8,86.7,59.2,18,No
677,54,None,6,46.4,73.6,24.4,16,No
678,92,Liberal,37,46.9,86.8,34.4,16,No
679,58,Liberal,24,39.6,97.6,28.7,13,Yes
680,58,Liberal_Comedy,91,69.2,52,28.3,11,Yes
681,65,Conservative_Liberal,53,67.8,76.9,70.1,17,No
682,52,Conservative_Liberal,92,68.4,87.5,39.3,17,Yes
683,41,Conservative_Liberal,89,50.7,92.9,69.6,12,Yes
684,53,None,23,4.6,52.2,68.4,12,No
685,45,Liberal,75,68.6,86.6,26.3,16,Yes
686,50,None,51,38.8,75.1,33.1,12,No
687,58,Conservative_Liberal,78,34.8,91.4,74.3,17,No
688,58,Conservative_Comedy,79,57.3,87.6,60.3,12,Yes
689,50,None,27,26,69.9,43.1,15,Yes
690,61,Conservative,57,46.8,86.5,59.5,16,No
691,61,Conservative_Liberal,50,59.1,84.5,39.4,13,Yes
692,92,Liberal,42,44.7,87,63.4,13,No
693,76,None,11,52.6,87.3,49,13,No
694,18,None,13,31.7,86.4,71.1,8,Yes
695,58,All,95,95,94.8,52.7,13,No
696,75,None,41,6.9,68.6,44.7,16,Yes
697,50,None,45,43.5,75.5,64.7,12,Yes
698,89,Conservative,61,36.8,96.3,45.4,15,Yes
699,62,Liberal,63,79,93.1,64.4,16,Yes
700,45,Conservative,36,20.5,68.3,20.5,14,No
701,92,Liberal_Comedy,66,70.5,79.8,62.5,15,No
702,54,Conservative,55,27,56.7,33.2,10,No
703,22,Conservative_Liberal,89,38.8,69.3,53.6,10,Yes
704,61,Conservative_Liberal,100,39.2,63.5,83.5,17,No
705,49,Conservative_Liberal,97,58.2,98.9,39.6,14,Yes
706,71,Conservative,35,7.6,80,43,17,Yes
707,45,Comedy,39,49.2,72.7,58.4,14,No
708,62,Conservative,62,31,85,57.7,16,Yes
709,18,None,6,48.4,54.4,40.1,12,No
710,58,Conservative,60,30.8,93.3,57.2,17,Yes
711,62,Conservative_Liberal,96,75,89.6,56.1,14,Yes
712,63,All,97,40.3,76.6,59,18,Yes
713,44,Conservative_Liberal,78,54.2,53.8,70.1,15,Yes
714,40,All,96,48,74,56.6,16,Yes
715,27,Comedy,41,76.1,31.1,37.7,12,No
716,41,Conservative,48,54.2,46.4,18,10,No
717,100,Conservative,41,20,77.7,68.9,16,No
718,45,Conservative_Liberal,93,8.6,86.8,86.2,18,No
719,88,Liberal,60,71.5,71.7,57.4,13,No
720,52,None,56,10.4,66.2,72.8,14,No
721,5,None,6,1,45.5,19.6,10,No
722,92,Liberal,95,47.5,83.7,70.1,17,No
723,87,All,98,43.3,89.3,34.9,16,Yes
724,27,Conservative,23,43.8,80.9,27.9,16,Yes
725,61,Conservative,67,7.7,86.3,37.8,16,Yes
726,57,Conservative,32,54,82.5,57.3,18,Yes
727,70,Conservative,34,28.2,68.8,42.6,12,No
728,97,Liberal_Comedy,84,64.8,69.2,39.3,17,No
729,54,None,18,38.7,76.8,42.8,16,Yes
730,32,None,24,59,71.1,26.1,14,Yes
731,41,All,97,52.6,89.6,50.2,13,Yes
732,75,Conservative_Liberal,68,58.6,85.4,70.2,18,No
733,23,None,18,41,70.7,47.7,12,Yes
734,32,Conservative_Liberal,72,40.3,81,44,12,No
735,71,None,30,55.1,75.7,27.7,16,No
736,57,Conservative_Liberal,47,5.9,66.8,59.3,12,No
737,36,Conservative,69,51.8,58.1,31.1,13,No
738,70,Conservative_Liberal,99,54.5,87.5,55.2,12,Yes
739,44,Conservative,54,30.3,65.2,45.3,12,Yes
740,74,Conservative,73,30.5,88.9,49.8,9,Yes
741,91,Liberal_Comedy,93,58.9,84.8,41.6,10,No
742,78,None,34,14.1,76.2,53.7,13,No
743,61,None,48,58.5,50.7,60.4,12,Yes
744,18,All,74,73.4,44.1,18.7,12,No
745,39,Conservative_Liberal,74,66.2,88.6,22.9,16,Yes
746,100,Liberal,33,54.9,85.7,55.5,18,No
747,58,Conservative_Liberal,85,29.9,85.5,49.9,15,No
748,35,None,6,17,46.7,37.1,12,No
749,80,Conservative,71,41.6,79.6,52.5,16,Yes
750,70,Conservative,60,32.7,80.1,63.9,12,Yes
751,49,None,11,55,69.2,29.5,12,No
752,89,Liberal,51,58.1,98.7,64.3,12,No
753,58,None,43,41.2,96.2,49.6,12,No
754,66,None,7,24,35.8,60,15,No
755,88,All,85,90.9,95.3,36.2,15,Yes
756,53,Liberal,58,44,82.7,42.5,17,No
757,62,None,85,30.5,81.8,31.9,16,No
758,31,None,20,30,63,54,18,No
759,61,Conservative,32,30.1,85.9,70.7,8,No
760,28,Conservative_Liberal,72,53,64.6,28.4,12,Yes
761,62,None,36,21.4,84.9,76.1,13,No
762,48,None,50,47.3,89.1,52.4,15,No
763,22,None,12,49,78,30.7,12,Yes
764,28,None,19,94.4,51.8,29.3,9,No
765,45,None,39,48.1,77,34,16,Yes
766,53,None,71,53.9,64.5,47,12,No
767,41,None,10,40,64,77.6,13,Yes
768,75,Conservative_Comedy,61,79.5,57.3,47.9,13,Yes
769,44,None,15,34.7,81.8,48.7,12,Yes
770,62,Conservative_Liberal,58,31.5,57.8,45.4,12,No
771,44,None,25,51.4,68.8,95.3,9,Yes
772,96,Liberal,85,57.7,96.1,63.2,16,Yes
773,49,None,27,32.9,85.8,51.1,13,No
774,36,None,21,84.8,50.2,25.8,14,Yes
775,66,None,45,49.4,63,55.4,16,No
776,67,None,28,76,100,55.8,12,Yes
777,84,Liberal_Comedy,55,86.9,96,48.9,14,No
778,97,Comedy,54,78.9,91.7,62.9,18,No
779,70,None,10,41.6,75.6,52.2,12,No
780,44,Conservative,45,50.5,82.4,45.5,12,Yes
781,32,Conservative,32,22.2,78.4,23.3,12,No
782,40,None,59,22.2,59.4,30.2,16,Yes
783,83,Liberal,77,56.1,93.6,45.5,16,Yes
784,11,Conservative_Liberal,59,40.7,70.8,22.5,12,Yes
785,62,All,77,57.8,51,18.9,10,No
786,48,Conservative_Comedy,44,59.6,90.9,47.8,13,No
787,45,None,6,41.4,77.8,36.5,14,Yes
788,75,Conservative,75,59.6,97.1,69.9,15,Yes
789,44,Conservative,21,22.6,67.1,27.5,13,Yes
790,45,None,48,26.4,76.5,40.3,16,Yes
791,19,Conservative_Liberal,42,26.8,51.3,31,12,No
792,84,Liberal_Comedy,74,59.1,52,36.2,15,No
793,57,Conservative_Liberal,99,34.5,78.9,70.5,16,Yes
794,71,All,72,47.1,67.8,59.3,15,No
795,83,Conservative,32,40.5,91.2,62.3,15,No
796,79,None,86,47.9,76.8,53.5,15,No
797,74,Liberal_Comedy,83,92.9,79.8,23.6,16,No
798,76,None,16,21.2,76.5,67.1,16,Yes
799,66,None,25,47.1,82.3,56.2,14,No
800,62,Liberal,47,83.4,85.7,26.2,13,No
801,58,Conservative_Liberal,78,41.5,94.1,85.9,12,Yes
802,36,Conservative,65,38.8,58.3,77,13,Yes
803,58,Conservative,61,46.3,86.4,60,12,No
804,35,None,6,52.2,54.7,19.5,15,Yes
805,66,None,32,22.7,80.8,49.9,13,No
806,87,Conservative_Liberal,79,47,78.8,43.1,16,Yes
807,87,None,10,54,82.2,43.9,17,No
808,80,Liberal,52,55.2,83.2,64.5,13,No
809,87,Liberal,67,67.7,80.9,80.4,14,Yes
810,89,Conservative_Liberal,91,50.5,87.8,84.3,18,Yes
811,92,Liberal,51,53.5,54.9,70,18,No
812,83,Conservative,40,22.3,80.1,71.3,14,No
813,57,Conservative_Liberal,77,53.8,51.1,55.8,14,No
814,84,Liberal_Comedy,94,61.2,82.3,60,18,Yes
815,79,Liberal,55,71.8,73.1,43.8,13,Yes
816,67,Conservative_Comedy,72,27.3,54.3,20.4,15,No
817,88,Liberal,73,93.7,95.1,39.6,17,Yes
818,66,None,6,76.1,89.8,41.9,16,Yes
819,57,All,97,35.8,93.3,44.2,16,No
820,75,Liberal,88,63.1,74.7,52.4,18,No
821,27,Comedy,52,26.5,85.7,78.5,9,Yes
822,65,None,49,41.7,91.8,43.5,16,Yes
823,89,Comedy,49,51.8,62.3,72,16,No
824,53,Conservative_Liberal,93,51.5,84.9,70.2,12,Yes
825,71,Conservative,87,79,63.7,67.4,12,No
826,65,Conservative,43,27.6,94.4,59.6,12,No
827,61,Conservative_Liberal,69,43.4,53.9,65.2,16,Yes
828,85,Conservative_Comedy,96,43.5,79.2,56.4,18,No
829,49,Conservative,73,59.2,55.8,44.6,17,Yes
830,45,Conservative,39,95.5,48,48.1,12,No
831,75,Conservative_Liberal,100,55,82.9,79.7,15,Yes
832,27,Conservative,77,55.6,67.7,20,13,Yes
833,36,Conservative_Liberal,94,79.4,53,80.8,12,Yes
834,84,None,36,37.9,65.2,39.4,16,Yes
835,96,All,90,49.7,94,66.7,14,No
836,71,Conservative_Liberal,84,26.2,64.3,66.7,17,Yes
837,50,None,25,58,98.3,18.1,12,Yes
838,57,Comedy,23,53.6,89.9,47.9,16,Yes
839,70,Conservative_Comedy,58,55.6,73.6,51.4,12,Yes
840,19,Conservative_Liberal,96,38.5,59.5,42.1,12,Yes
841,66,Liberal,37,40.6,94.1,69.7,17,Yes
842,80,None,19,61.2,56.2,30.8,13,No
843,57,All,92,75.7,83.2,18.6,18,Yes
844,75,Liberal,26,92.9,80.1,71.8,14,Yes
845,54,Conservative_Liberal,52,37,77.8,55.3,16,No
846,19,Conservative,51,21,54.2,18.9,9,Yes
847,5,None,6,89,36.6,42.7,13,No
848,67,None,51,25.1,80.2,53.5,17,Yes
849,93,Liberal,78,41.5,93.8,71.2,12,No
850,44,None,37,55.3,79.1,40.9,17,No
851,24,None,14,45.4,91.5,70,8,Yes
852,84,Liberal_Comedy,90,76.9,79,76.9,18,No
853,39,None,6,23.8,79.5,26,14,No
854,24,Conservative,64,53.4,76.7,18.8,12,Yes
855,40,None,18,51,68,37.6,13,No
856,58,Liberal,19,54,51.9,18.8,12,No
857,58,None,17,41.8,75.1,65.6,8,No
858,80,None,74,50,96.6,57.3,13,Yes
859,50,Conservative,35,44.9,79.8,60.8,12,Yes
860,53,Conservative,62,25.8,69.5,78.1,16,Yes
861,27,Liberal,34,52.7,39.1,26.9,12,No
862,92,None,57,55.7,71.6,56.9,15,No
863,49,Conservative_Comedy,42,53.6,37.7,23.4,14,Yes
864,53,None,68,36,62.9,52.3,15,No
865,44,None,17,45.8,69.4,68.4,12,Yes
866,49,None,11,51.7,55.7,80.3,9,No
867,49,None,39,46.2,80.3,88.5,11,Yes
868,53,Liberal,55,31.3,78.4,51.5,12,No
869,75,Conservative_Liberal,65,55.9,79.1,81.4,14,No
870,15,All,67,55.8,72.6,68.1,9,No
871,65,Conservative,83,33.6,85.6,49,17,No
872,78,Liberal,21,77,78,53.5,18,No
873,88,Conservative_Liberal,100,54,78.3,58,16,No
874,65,Conservative,56,76.8,74.4,66.6,12,No
875,36,None,30,53.2,37.6,66.5,12,Yes
876,58,None,78,44.5,75.3,38.9,14,Yes
877,79,Liberal_Comedy,63,53.8,94.4,76.4,16,Yes
878,83,Liberal_Comedy,83,76.5,80.9,60.3,16,Yes
879,84,None,18,53.3,89.4,34.2,18,Yes
880,49,Conservative,40,44.7,70.8,62.2,12,No
881,52,Comedy,53,82.4,53.4,45.9,13,Yes
882,37,None,70,23.6,84.5,50.6,12,Yes
883,48,Conservative_Liberal,96,40.4,51.2,72.2,18,No
884,52,Conservative,49,49,84.6,52.3,18,Yes
885,67,None,28,50.9,49.5,47.6,10,Yes
886,52,Liberal,46,93.2,65.8,28.2,17,Yes
887,84,None,39,55.8,90.3,75.9,11,No
888,88,Comedy,64,49.8,76.8,77.7,16,Yes
889,88,Conservative_Liberal,97,38.5,80.7,60,16,No
890,97,None,81,40.8,63.8,84.8,12,No
891,71,Comedy,82,44.6,70.1,42.3,18,No
892,36,None,6,40.7,97.8,48.3,15,Yes
893,71,Conservative,98,31.6,76.7,40.5,16,No
894,23,Conservative_Liberal,88,84,63.1,86.8,8,Yes
895,70,Liberal_Comedy,64,57.2,66.3,82.3,15,No
896,97,Liberal,54,80,65.3,64.5,16,Yes
897,44,Conservative_Liberal,89,21.4,77.7,74.7,17,Yes
898,5,Conservative,28,42.6,48.4,75.6,14,Yes
899,62,Liberal,55,78.4,95.8,85.7,14,Yes
900,97,Liberal,73,41.8,92.1,52.2,17,No
901,88,Conservative_Liberal,93,75.2,66.6,70.3,16,No
902,83,Conservative,60,23.4,84.1,46,13,No
903,84,Liberal_Comedy,68,64.5,85.5,58.3,16,No
904,85,All,75,22.9,88,33.7,16,Yes
905,74,Conservative_Liberal,58,8.2,68.2,59.4,13,No
906,65,Conservative,70,34,85,67.2,12,Yes
907,67,None,22,43.3,37.3,56.4,14,No
908,35,None,18,74,78.9,49.1,12,Yes
909,27,None,24,27,75,68.7,15,Yes
910,62,None,38,62.7,69.9,26.2,14,Yes
911,75,Conservative_Liberal,56,22.6,62.5,66.9,12,No
912,48,Conservative_Liberal,65,37.4,85.1,52.2,13,Yes
913,14,Liberal,97,58,45.8,38.2,16,Yes
914,62,None,35,65,82.1,40.8,16,No
915,27,Conservative,35,55,76.6,82.2,8,Yes
916,48,Liberal,44,18,37.8,56.2,12,No
917,40,Conservative,43,47,49.6,18.6,12,Yes
918,74,Conservative,40,24.5,75,57.2,14,No
919,92,Comedy,30,44.3,77.4,58.7,17,No
920,19,None,37,69,59.8,72.9,9,Yes
921,58,Liberal,49,21.7,81.1,31.2,13,No
922,26,Conservative,32,86,53.8,46.9,13,Yes
923,76,None,31,58.5,75.9,79.1,16,No
924,75,Liberal,40,73.4,58,51.1,17,Yes
925,65,Conservative_Liberal,78,31.9,90.9,35.3,16,No
926,54,Conservative,50,39.8,68.9,86,9,Yes
927,31,None,16,43.6,97.8,22.7,14,Yes
928,93,Conservative_Liberal,27,70.4,86,79,16,No
929,74,Liberal,47,52.7,75.6,56.1,17,Yes
930,80,Conservative,87,40.7,81.9,51,10,No
931,57,Liberal_Comedy,49,75.2,92.9,24.9,15,Yes
932,53,Conservative,52,20.1,40.5,77.4,12,No
933,66,None,41,6,83.2,78.6,9,No
934,58,Conservative,49,20.1,74.4,37.8,15,Yes
935,74,Liberal,60,53.6,72.5,72.7,16,No
936,70,All,95,50.1,88.3,49.4,16,No
937,74,Liberal,51,75.8,75.2,81.1,17,Yes
938,66,Liberal,49,37.4,35.2,58.4,12,No
939,66,Liberal,59,27.1,86.8,93.9,16,No
940,41,Liberal,42,54.1,70.9,27.2,15,No
941,54,Liberal,69,34,38.5,49.6,16,No
942,57,Conservative,20,57.7,82.6,59.2,15,Yes
943,40,None,12,76.3,78.5,36.1,16,Yes
944,80,Liberal_Comedy,60,56.8,79,48.3,18,No
945,79,Liberal,96,25.9,62.5,28,13,Yes
946,31,None,24,67.3,59.5,39.1,12,Yes
947,83,Conservative_Liberal,75,5.1,99.5,53.3,14,No
948,67,Conservative_Comedy,83,29.1,77.3,31,12,No
949,52,Conservative,40,34.8,82.5,34.2,18,No
950,63,Conservative,86,55.4,92.5,24.6,16,No
951,37,Conservative,41,47.4,99.7,30.3,12,No
952,79,Liberal,56,45.8,95.2,46.3,16,Yes
953,9,All,95,89.2,43.6,33.6,11,Yes
954,50,None,18,31.9,94.2,28.3,13,Yes
955,87,Liberal,70,49.2,91.3,48.2,18,No
956,89,Conservative_Liberal,94,43.1,90.3,79,13,No
957,45,Conservative,77,47.4,96.4,33,16,Yes
958,45,All,70,58.7,98.4,49,12,Yes
959,39,All,96,92.5,42,24.8,13,Yes
960,37,Conservative_Liberal,62,65.1,70.4,22.9,13,No
961,75,Conservative,50,32.9,71.5,46.4,16,No
962,76,Conservative,69,45.3,83,50,18,No
963,57,Conservative,66,22.8,65.9,47.8,15,Yes
964,54,None,51,47.3,73,38.9,14,No
965,10,Conservative,24,76,29.6,24.9,12,Yes
966,76,All,65,41.3,64.7,64.3,13,No
967,66,All,64,57.8,84.4,74.2,12,Yes
968,31,None,20,44,68.4,21.4,12,Yes
969,9,Conservative_Liberal,56,28.6,68.1,88.5,17,Yes
970,5,None,18,27,58.6,40.9,13,No
971,67,Conservative,93,47.5,81.9,58.6,12,No
972,92,All,78,49.1,95.5,54.2,18,No
973,27,None,36,61.3,62.2,18.9,12,Yes
974,32,None,7,29.2,96.1,47.4,12,Yes
975,74,Liberal,66,43,97.6,83.8,14,Yes
976,22,None,13,47.2,14.3,45.7,12,Yes
977,75,None,34,22.6,76.3,37.6,15,No
978,67,None,47,36.6,78.2,30.8,17,Yes
979,48,Conservative,71,37,79.6,36.4,14,Yes
980,27,None,6,26.2,71.5,51.3,12,Yes
981,84,Conservative,98,57.3,82.5,59.8,13,Yes
982,27,Conservative_Liberal,66,50.3,48.5,31,9,No
983,62,Conservative,72,25.5,66.1,80.9,14,No
984,83,None,42,33.3,53.7,74.5,15,Yes
985,44,None,27,13,32.7,57.6,9,No
986,88,All,78,13,49.6,40.5,15,No
987,87,None,54,59.8,57.9,66.4,15,No
988,61,Conservative_Comedy,65,24.5,70.9,18.8,9,No
989,87,None,78,28,88.7,71.5,14,Yes
990,91,Conservative,47,29.5,75,65.7,12,No
991,76,Conservative_Comedy,22,24.4,72.2,47.7,12,No
992,70,Conservative_Liberal,71,71,77.3,71.9,16,No
993,58,Conservative,62,27,68.9,58.9,13,Yes
994,35,None,25,40.3,65.1,46.3,14,Yes
995,61,Conservative,67,51.2,82.8,56.2,13,No
996,45,None,32,48.9,47.1,25.7,15,Yes
997,27,None,12,51,76.8,41.6,14,Yes
998,40,None,27,41.7,73.5,63.9,12,No
999,45,None,41,46.7,76.3,42.7,14,Yes
1000,54,None,37,23.4,54.2,79.1,13,Yes
1001,74,Conservative,45,28.8,83.4,51.1,14,No
1002,32,None,16,74.6,60.5,37.4,12,Yes
1003,62,None,34,46,79.4,45.3,12,Yes
1004,35,Conservative,54,51.1,67.5,70.6,12,No
1005,98,Liberal,51,44.2,80.6,40.3,18,No
1006,62,Conservative,65,58.3,86.6,75.2,12,Yes
1007,49,None,14,53.8,51.7,50.4,12,No
1008,18,Liberal,45,58.8,77.5,40.5,12,Yes
1009,93,Conservative_Liberal,92,42.5,93.6,47.7,18,No
1010,88,Liberal,82,51,86,48.7,17,No
1011,75,None,63,31.7,83.3,65.7,16,Yes
1012,57,None,59,41.4,80.6,56.1,16,Yes
1013,58,Conservative,60,44.6,71.2,57.6,12,Yes
1014,88,Conservative,59,3.4,97.2,53.7,16,No
1015,44,None,15,28.6,80.2,84.4,12,Yes
1016,93,Conservative_Liberal,76,42.1,64.6,70.5,16,No
1017,36,Conservative,55,50.6,83.4,36.7,12,Yes
1018,49,Conservative,45,28.7,58.1,37.2,15,Yes
1019,53,All,81,31.5,72.3,41.3,13,Yes
1020,75,None,16,75,45.8,66,17,No
1021,78,Liberal,28,56.2,65.8,60.2,18,No
1022,80,Liberal,78,59.5,92.1,57.2,18,No
1023,27,None,8,44.4,63.3,65.2,12,Yes
1024,36,Conservative,51,30.6,81.9,34,15,Yes
1025,71,Comedy,60,22.4,88.6,53.2,12,Yes
1026,53,Conservative,83,35.3,70.4,42.9,13,Yes
1027,57,None,44,43.6,59.3,26.1,12,Yes
1028,66,None,33,49.5,69.9,66.2,12,No
1029,54,None,6,38.7,80.9,64.5,12,No
1030,88,Conservative,52,36.7,83.9,77.3,16,No
1031,93,Conservative_Comedy,37,78.9,86.1,57.5,16,Yes
1032,87,None,77,58.7,83.9,27.9,18,No
1033,91,Conservative,56,13.6,91.6,37,16,No
1034,27,Conservative,32,92,34.5,34.4,13,No
1035,23,None,6,70,56.1,37,12,Yes
1036,88,Liberal_Comedy,90,44.7,96.2,51.1,16,No
1037,61,Conservative,31,33,97.7,58.6,13,No
1038,45,None,12,49.2,55.5,24.6,12,Yes
1039,22,None,19,42.4,59.3,35.3,12,Yes
1040,76,None,35,11.9,83.8,70.3,11,Yes
1041,54,Conservative,51,56.3,79.7,57.2,12,No
1042,76,All,97,69.2,97.6,59.5,12,Yes
1043,24,Conservative_Comedy,65,17,51.2,22.6,12,Yes
1044,41,None,43,52.1,67.4,71.6,12,Yes
1045,57,Conservative,51,58.9,84.9,59.9,12,No
1046,48,Conservative,46,41,98.2,43.3,12,No
1047,80,Conservative,58,35.1,82.2,51.3,17,No
1048,88,Conservative_Liberal,99,61.9,84.4,68.6,16,Yes
1049,57,Conservative_Comedy,58,40.1,88.2,60.3,8,No
1050,66,None,43,46.2,83.6,68.2,16,No
1051,80,Conservative_Comedy,40,50.2,72.5,44.3,16,Yes
1052,41,Conservative,38,33.1,85.3,80.7,14,No
1053,74,Liberal,88,52.4,91.5,47.2,17,No
1054,57,Conservative_Liberal,97,19,78.3,45.4,12,No
1055,57,None,6,52.5,66.9,50.9,18,No
1056,63,Conservative_Liberal,50,52.2,50.1,35.5,16,No
1057,83,None,57,55.9,70.6,66.8,14,No
1058,23,Conservative,60,1,48.9,27.5,12,No
1059,57,Conservative_Liberal,57,33.8,67.4,45.6,12,No
1060,62,Conservative,50,45.3,73.9,30.5,16,No
1061,58,Conservative_Liberal,64,76,85.4,46.7,13,Yes
1062,67,Liberal_Comedy,78,66.9,85.9,52.1,14,Yes
1063,92,Conservative_Liberal,98,1,89.2,73.5,16,No
1064,36,None,33,50.5,79.1,57.7,12,No
1065,37,None,7,26,70.3,46.9,12,No
1066,23,Conservative,30,66.3,78,18.7,16,Yes
1067,97,Liberal_Comedy,34,94.9,77.8,29.4,15,No
1068,45,None,20,22.5,78.3,65.9,12,No
1069,53,None,28,26.9,76.7,28.8,13,No
1070,44,Liberal,13,52.4,82.9,42.9,12,Yes
1071,26,Liberal,27,22.2,82.9,21,12,Yes
1072,61,Conservative,57,22.4,83.9,47.1,17,Yes
1073,19,None,6,58,51.7,24.4,15,Yes
1074,65,Liberal,20,25,98.2,56.5,17,No
1075,44,None,33,34.9,87.3,45.8,12,Yes
1076,70,None,51,54.1,96.2,37.9,15,Yes
1077,48,Conservative_Liberal,42,41,65,18.3,12,Yes
1078,79,Conservative,81,54.9,81.5,66.1,16,Yes
1079,22,None,22,23.5,39.2,22.2,12,No
1080,32,None,6,2.9,69.1,48.6,13,Yes
1081,44,None,18,36.3,86.7,52.4,12,Yes
1082,58,Conservative,53,23.9,87.1,21.7,16,No
1083,49,None,32,68.6,88.6,60.3,12,Yes
1084,40,None,28,47.9,74.6,47.2,12,No
1085,71,Conservative,72,41.9,75.2,48.2,15,No
1086,52,Conservative,53,53.7,61,73.6,10,Yes
1087,10,Conservative,37,80.3,59.5,61,8,Yes
1088,62,None,27,39,60.5,58.5,12,No
1089,41,None,21,38.6,93.4,38.4,16,Yes
1090,23,None,27,55.7,60,26.3,9,Yes
1091,44,Conservative_Liberal,97,61.7,94.3,37,15,Yes
1092,70,None,24,20,69.1,75.7,12,Yes
1093,66,Conservative_Liberal,99,29.2,86.5,76.2,12,Yes
1094,45,Conservative,47,34.5,49.5,59.5,16,Yes
1095,91,Liberal,33,46.2,87.4,70.5,13,Yes
1096,44,Conservative,35,66,52.2,24.6,12,No
1097,19,None,6,26,35.1,36.8,12,No
1098,66,Liberal,47,43.3,82,62.7,10,No
1099,37,Conservative_Comedy,71,59.2,37.8,35,15,No
1100,80,None,34,72.8,60.5,25.8,16,Yes
1101,62,Conservative,63,56.9,85.1,50.4,13,Yes
1102,70,Conservative,72,55.5,70.1,63.8,14,No
1103,87,Conservative,44,23.9,85.1,61.5,15,Yes
1104,50,Conservative,60,30.1,96.7,46,12,Yes
1105,70,Conservative,66,77,97.6,62.9,18,No
1106,22,Conservative,54,73.7,52.8,79.1,8,No
1107,41,Conservative_Liberal,59,80,38.2,54.3,12,No
1108,88,Liberal_Comedy,67,82.1,30.3,53.3,12,No
1109,9,None,6,61.5,70.6,24,11,Yes
1110,36,Conservative,13,39.3,43.1,63.4,12,No
1111,57,None,22,56.9,56,30.7,16,Yes
1112,62,Conservative,51,93.3,90.5,60.7,18,Yes
1113,71,None,32,58.8,70.7,79.4,12,No
1114,71,Comedy,6,87.1,84.4,27.8,16,Yes
1115,61,Conservative,71,82.1,85.8,37.1,12,Yes
1116,96,Liberal_Comedy,90,59.9,93.2,42.4,18,Yes
1117,88,Liberal_Comedy,53,73.9,99.4,48.4,16,Yes
1118,88,Liberal,59,85.8,61.7,31.7,17,No
1119,35,None,8,65.5,78.4,29.7,14,Yes
1120,22,Conservative,18,64.6,60.5,23.7,12,Yes
1121,58,Liberal,22,89.1,77.7,33.7,16,Yes
1122,57,Conservative,93,43.2,76.9,70.1,16,No
1123,23,Conservative_Liberal,48,64.9,74.4,22.7,12,No
1124,89,Liberal,62,59.3,72.2,65.5,18,No
1125,97,Conservative_Liberal,98,77.1,71.9,50.1,12,No
1126,32,Conservative,44,54.8,87.5,80.6,14,No
1127,80,Conservative,77,40.9,83.9,68.7,12,No
1128,91,Conservative,72,81,40.5,54.1,18,No
1129,39,None,14,59.2,95.2,49.2,12,Yes
1130,58,All,88,61.8,68.6,18.1,12,No
1131,35,None,29,56.8,81.7,42.4,12,Yes
1132,61,None,39,40.5,97.2,67.2,12,Yes
1133,97,Conservative_Liberal,48,22.1,73.7,47,12,No
1134,62,Conservative,61,20.2,82.8,47.1,12,Yes
1135,41,Liberal,17,58.1,84.8,31.4,18,Yes
1136,58,None,54,45.8,60.6,76.2,14,Yes
1137,66,None,38,57.7,68.2,66.3,13,No
1138,62,None,33,45.7,84.6,81.6,12,No
1139,75,Conservative,71,50.5,86.9,34.2,16,Yes
1140,58,Liberal,80,55,75.9,44.8,16,Yes
1141,28,None,54,56.5,62.4,56.7,12,No
1142,83,Liberal,64,50.2,84.6,47.9,13,No
1143,62,Conservative_Liberal,50,31.1,55.4,19.7,13,Yes
1144,31,None,6,52.7,47,18.5,9,No
1145,66,Conservative,58,33.8,75.9,56.2,16,Yes
1146,79,Conservative,22,28.1,81.9,74.1,15,Yes
1147,50,Conservative,89,81.5,68.8,27.1,12,No
1148,49,Conservative,33,52.1,73,56.8,16,Yes
1149,66,None,29,29.9,77,42.4,14,No
1150,80,Conservative_Liberal,95,47.5,79.7,57,18,No
1151,61,None,39,29.8,64.8,37.1,15,No
1152,57,Liberal_Comedy,59,22.4,62.4,40.1,12,Yes
1153,61,None,54,32.5,85.9,71.5,12,No
1154,44,None,31,39.7,39,73.5,12,No
1155,88,Liberal_Comedy,78,44.5,70.8,60.3,12,Yes
1156,57,Liberal,19,51.6,80,49.1,17,Yes
1157,44,None,20,26.6,69.9,53.4,12,Yes
1158,80,Conservative,51,36.5,79.3,46.8,17,Yes
1159,58,Conservative_Liberal,77,38.1,72.7,49.2,10,No
1160,92,Conservative,76,25.6,91.3,64.8,14,No
1161,31,Conservative,43,3.3,64.8,57.6,12,Yes
1162,58,Conservative_Liberal,99,58.9,57,59.4,12,Yes
1163,9,Conservative_Liberal,32,54,7.5,50.2,12,Yes
1164,83,Conservative,78,24.8,92.3,54.9,12,Yes
1165,83,None,28,33.5,66.3,49,17,No
1166,44,None,6,51.2,84.6,45.9,12,No
1167,40,Liberal,98,83.9,43.2,47.1,12,Yes
1168,49,None,14,52.1,43.9,65.1,11,No
1169,76,All,89,76.9,66.7,40.4,18,No
1170,24,Comedy,6,26.8,91.7,26.6,12,No
1171,66,Liberal,48,29.9,91.4,85.8,12,Yes
1172,75,Liberal,25,69,77.1,55.4,13,No
1173,91,All,90,44.7,81.7,58.9,18,No
1174,88,Conservative_Liberal,74,50.4,94.9,49.8,18,Yes
1175,83,Conservative_Liberal,98,36.8,66.2,83.5,14,No
1176,41,None,22,41.5,78.4,42.2,15,Yes
1177,36,None,6,30.5,75.3,40,12,No
1178,89,Conservative,69,46.1,76.1,75.4,16,No
1179,48,None,20,72,86.2,41.3,16,Yes
1180,49,None,48,41.6,89.8,29.7,17,No
1181,80,Conservative_Liberal,90,20.3,67.8,80.7,10,No
1182,13,Conservative,38,47.8,63.2,22.3,15,Yes
1183,66,All,79,43.2,42.1,30.6,14,Yes
1184,44,None,13,36,71.5,56.8,12,Yes
1185,53,None,55,54.3,58.2,29.7,16,Yes
1186,0,Conservative_Liberal,94,53.2,28,18.1,12,Yes
1187,13,Conservative,63,72.1,57.5,75.6,11,Yes
1188,58,Conservative_Liberal,83,29.6,83.3,62.9,14,Yes
1189,18,None,9,77.7,46.5,45.1,12,No
1190,70,None,38,39.5,73.4,77.4,12,No
1191,23,None,18,49.2,65.7,57.7,13,Yes
1192,49,None,45,42.1,76,33.6,16,Yes
1193,1,None,6,64,38.6,38,10,No
1194,58,Conservative_Liberal,99,25.2,64.5,24.1,14,No
1195,41,Conservative,55,80,83.8,66,12,Yes
1196,70,None,31,39.9,90.6,53.6,16,No
1197,75,All,70,44.3,59.4,86.2,16,Yes
1198,88,Liberal_Comedy,44,49.7,67.9,43,16,No
1199,40,Conservative,60,55.9,39.8,39.8,12,No
1200,85,Conservative_Liberal,51,43.9,86.6,50.8,12,No
1201,88,Conservative_Comedy,73,51.9,96.7,68.9,12,No
1202,75,None,23,23,69.1,23.9,16,No
1203,31,Conservative,51,76.9,61.5,52.3,12,Yes
1204,35,None,40,50.7,51,19,12,No
1205,78,Conservative,42,28.8,52.2,59,12,No
1206,66,Conservative_Liberal,68,53.4,53.5,62.8,12,Yes
1207,71,Conservative,33,55.4,72.6,65.4,18,No
1208,19,Conservative,48,60.5,84.2,19,9,Yes
1209,44,Conservative,97,89.8,59.5,21.2,12,No
1210,31,Conservative,45,30.9,66.4,23.4,12,No
1211,88,Conservative_Liberal,72,26.2,99.1,71.6,12,No
1212,23,None,26,27.3,54.5,20.2,15,No
1213,45,Conservative,54,53,91.8,52.6,8,Yes
1214,79,Conservative,69,24.3,66.4,35.8,16,No
1215,71,None,17,39,67.2,69.8,15,No
1216,54,Conservative_Liberal,55,22.8,83.3,65.6,8,No
1217,92,Liberal,51,27.8,90.6,76.8,12,No
1218,37,Conservative,45,13.7,96.3,59.2,12,Yes
1219,89,All,70,38.2,55.4,46.7,13,No
1220,62,Conservative_Liberal,53,52.5,56.4,53.7,14,No
1221,23,None,13,53,38,21,15,No
1222,52,Conservative_Comedy,64,50.3,72.1,52.9,17,Yes
1223,53,None,33,59.8,77.9,70.4,10,Yes
1224,31,Liberal,56,79,79.7,18.3,12,No
1225,93,Conservative_Comedy,43,35.3,53.4,48.3,16,Yes
1226,27,Liberal,47,59.5,76.5,85.6,18,No
1227,31,Conservative,60,58.5,83.7,19.9,12,Yes
1228,71,Liberal,32,59.2,68,50.3,13,No
1229,84,Liberal,31,52.5,81.2,44.7,16,No
1230,32,Conservative,37,25.3,60.7,40.3,14,Yes
1231,66,Conservative_Liberal,66,28.8,84.6,77.9,12,Yes
1232,67,Comedy,97,76.5,89.5,38.9,16,Yes
1233,23,None,38,35,96.9,55.3,12,Yes
1234,76,Conservative_Liberal,80,28.2,84.3,40.1,16,No
1235,48,Conservative,68,21.2,69.3,63.1,13,Yes
1236,48,None,50,48.7,76.8,48.7,17,Yes
1237,53,All,86,39.2,63.5,40.5,15,Yes
1238,67,Conservative_Comedy,91,22.7,84.2,44.2,13,No
1239,84,Liberal,83,79.1,98.9,30.7,17,No
1240,61,Conservative_Comedy,49,20.7,66.6,70.2,12,No
1241,15,Liberal,46,89,74.3,30.6,12,No
1242,28,None,38,59.8,79.9,30.2,13,Yes
1243,58,None,28,65.9,78.6,74.8,13,Yes
1244,76,Liberal,41,44.7,85.9,46.1,16,Yes
1245,27,Conservative,42,38.6,86.8,40.7,12,Yes
1246,57,Conservative,51,4,81.4,47.3,12,No
1247,84,Conservative,46,85,66.5,51.5,12,No
1248,62,None,53,43.5,80.3,48.8,15,Yes
1249,87,All,92,25,92.2,32.9,16,No
1250,31,None,10,59.2,64,32.8,16,No
1251,62,Liberal,17,87,91.2,46.9,18,Yes
1252,39,Conservative,56,35.6,65.3,63.5,12,Yes
1253,31,Conservative_Liberal,97,0,98.5,39,16,Yes
1254,87,Liberal,32,55.9,90.4,65,16,No
1255,71,Conservative_Comedy,29,38.3,80.9,70.8,12,No
1256,70,None,15,38.3,62.5,61.8,16,No
1257,44,Conservative,33,21.1,88.8,46.1,14,Yes
1258,58,None,32,27.6,84.7,41.7,12,No
1259,44,None,26,57.4,52.6,24.1,16,Yes
1260,80,Conservative,55,28.5,80.7,59.5,17,No
1261,49,None,25,51.1,70.8,53.1,12,Yes
1262,66,Conservative,42,33.7,55.2,39.1,15,No
1263,9,Conservative_Liberal,66,38.4,78.6,83,8,Yes
1264,49,Liberal,30,59.7,39.8,18,18,No
1265,97,Conservative_Liberal,95,20.8,83.2,67.8,15,No
1266,31,None,24,33,55,30.9,12,Yes
1267,48,None,39,50.7,65.1,39.9,15,Yes
1268,84,Conservative_Liberal,64,36.2,43.8,44.2,16,No
1269,49,Liberal,30,57.3,70.3,48.2,16,Yes
1270,36,Conservative,50,73.5,54.1,18.1,10,No
1271,49,Conservative,57,48.7,83.9,36.9,12,Yes
1272,41,None,19,22,67,38.7,13,Yes
1273,52,Conservative,76,61.4,85.9,50.5,15,Yes
1274,78,Conservative,56,14.3,67.2,66.8,12,No
1275,54,Conservative_Liberal,74,68.4,99.6,72.7,8,No
1276,88,Conservative_Comedy,96,30.6,45,43.1,12,No
1277,35,Conservative_Liberal,82,41.6,76.8,52.7,11,Yes
1278,67,All,87,27.4,84.6,43.1,13,Yes
1279,61,Liberal,52,46.3,80.7,45.9,16,Yes
1280,80,Liberal,17,66.9,69.4,32.1,17,Yes
1281,35,Comedy,68,25,54.5,44.9,9,No
1282,70,Conservative_Liberal,61,52.6,70.4,19.6,12,No
1283,14,Conservative,65,28.9,80.1,34.7,12,Yes
1284,53,All,80,83.9,55.9,64,16,Yes
1285,18,None,13,30.9,78.4,73.7,14,Yes
1286,23,Conservative,85,98,72.9,71.3,8,Yes
1287,36,None,16,85.8,75.5,37.3,14,No
1288,58,None,23,52.6,28,50.6,13,Yes
1289,79,Conservative,60,36.5,75.9,75.4,18,Yes
1290,65,None,47,48,62.7,30.1,16,Yes
1291,13,Conservative_Liberal,62,91.7,92,83.7,12,Yes
1292,80,Liberal,12,77.9,81,29.1,17,Yes
1293,35,None,20,59.4,71.8,86.8,17,No
1294,83,Comedy,69,49,78.5,27.4,16,No
1295,67,None,31,20.9,82.4,79.3,12,Yes
1296,70,Conservative,30,2.2,86.2,56.5,16,No
1297,57,None,50,59.2,85.5,62.8,16,Yes
1298,41,Conservative,59,27.4,95.8,62.6,12,Yes
1299,53,None,46,25.8,84.4,51.1,14,No
1300,72,Conservative,33,49.4,83.6,60.2,12,No
1301,31,None,7,28.5,77.4,60.6,12,No
1302,44,None,6,100,82.5,55.6,9,No
1303,45,Conservative,45,62.6,57.7,52.9,13,Yes
1304,100,Liberal,30,48.4,90.1,63.6,17,No
1305,14,None,16,5,28.4,60.7,13,Yes
1306,19,None,6,46.9,54.7,25.1,16,No
1307,32,Conservative,27,39.1,32.2,70.7,10,Yes
1308,40,Conservative,31,39.6,85,50.2,15,Yes
1309,70,Conservative,67,46.6,84.9,28.8,18,Yes
1310,27,None,9,42.1,54.2,74.4,12,Yes
1311,58,None,31,52.4,84.6,39.9,16,Yes
1312,41,None,6,32.5,63.6,51.1,17,Yes
1313,49,None,23,46.5,54.7,19.8,14,No
1314,70,Conservative_Liberal,54,21.2,55.8,29,14,No
1315,23,Conservative_Liberal,98,56,64.9,32.9,10,Yes
1316,83,None,39,49.6,81.9,35,18,No
1317,79,Conservative,58,32.7,92.3,74.2,18,No
1318,15,None,25,58.3,55.4,68.2,11,Yes
1319,9,None,6,55.4,21,26.5,9,Yes
1320,40,Conservative_Liberal,98,20.6,65.1,41.3,10,Yes
1321,13,Conservative_Liberal,61,0.1,41.1,24.3,9,Yes
1322,44,None,41,25,66.1,65.5,16,No
1323,62,None,61,66.3,97.9,27.7,15,Yes
1324,49,None,29,42.8,67,62.1,12,Yes
1325,14,Conservative_Liberal,56,96.8,69.3,42.6,10,Yes
1326,18,None,16,50.1,67.3,56.6,10,Yes
1327,98,Conservative,80,25.1,85,56.3,16,No
1328,57,Conservative,74,53.8,90.4,51.1,12,Yes
1329,71,Liberal,57,42.6,68,44.7,13,Yes
1330,70,None,29,27.9,49,38.1,13,Yes
1331,92,None,14,30.1,93.8,52.4,15,No
1332,88,None,52,10.8,95.4,48.9,13,Yes
1333,49,Conservative_Liberal,62,47.2,76.5,61.8,8,No
1334,84,None,34,64.8,57.7,46.2,14,Yes
1335,48,Conservative,63,32,85.6,35.2,12,No
1336,49,Comedy,43,46.4,94.1,47.6,16,No
1337,93,Conservative,30,30.9,52.5,36.4,12,No
1338,53,Conservative,47,6.4,77.4,50.9,14,Yes
1339,67,None,39,48.8,80.6,36.2,13,No
1340,80,None,25,26.3,82.8,91.7,14,No
1341,35,Conservative_Liberal,94,52.4,42.8,18.6,12,Yes
1342,85,Liberal,76,75.7,97.8,66.8,15,No
1343,10,Liberal,60,65.1,19.8,31.1,16,Yes
1344,89,None,39,20.4,86.9,50,12,No
1345,74,Liberal,53,46.2,91.9,44.4,18,No
1346,13,Conservative,34,75.5,58.3,60.2,15,No
1347,67,Conservative,79,21.9,38.7,48.4,12,Yes
1348,41,Conservative,35,38.2,83.8,35.2,18,No
1349,53,Conservative,61,23.4,60,18.6,11,No
1350,22,None,16,89.6,94.3,50.5,12,No
1351,10,None,20,47,47.1,67.1,12,Yes
1352,70,Conservative,49,76.5,96,67.2,12,No
1353,28,Conservative,54,50,69.8,35.6,9,No
1354,32,Conservative_Liberal,89,28,75,21,13,No
1355,70,Conservative_Liberal,95,36.9,92.9,54.8,18,Yes
1356,75,Liberal,49,49.2,86.5,60.9,16,No
1357,48,None,44,15.2,77.6,18,12,No
1358,45,Conservative,24,59.3,63.7,45.7,14,No
1359,66,Liberal,10,46.7,83.1,46.2,12,No
1360,58,Comedy,11,71.6,90.6,29.1,17,Yes
1361,35,None,47,42,75.3,50.1,16,Yes
1362,50,Comedy,48,20.2,99.9,50.8,12,No
1363,52,Conservative,55,99.3,70.6,48.7,12,No
1364,40,None,45,30.6,97.2,48.8,16,Yes
1365,80,Liberal_Comedy,50,91.8,77.1,36.6,17,Yes
1366,58,Conservative_Liberal,64,57.2,87.2,81.4,12,Yes
1367,75,Conservative_Comedy,100,55.4,72.9,70.1,14,Yes
1368,53,None,36,56,45.2,44,12,No
1369,74,Liberal,35,72.5,82.8,28.6,18,Yes
1370,96,Comedy,42,59,99.7,49.4,18,No
1371,84,None,32,57.3,84.5,76.6,18,Yes
1372,54,None,34,56,95.6,70.3,12,Yes
1373,23,Conservative,55,50,32.4,38.6,11,No
1374,79,Liberal_Comedy,51,90.2,56.9,53.2,13,No
1375,58,Conservative_Liberal,32,77.4,76.7,37.6,16,Yes
1376,22,None,68,56.3,63.2,47.3,12,No
1377,27,Conservative_Liberal,78,56.5,67.6,62.5,9,Yes
1378,57,Conservative,71,33.2,43.5,67.3,12,No
1379,35,Conservative,81,93.5,80.2,19.9,14,Yes
1380,9,None,43,29.6,58.4,36.2,12,Yes
1381,45,Conservative_Liberal,40,24.4,85.7,49,9,No
1382,79,Conservative,46,46.4,81.8,76.3,11,Yes
1383,40,None,27,21.7,69.2,40.7,15,Yes
1384,70,None,10,37.6,91.6,49.1,17,Yes
1385,66,Conservative,88,21.8,81,86.3,14,Yes
1386,100,None,62,54.3,68.7,62,17,No
1387,19,None,15,79.7,59.3,68.4,11,No
1388,97,None,65,23,77.4,59.1,18,No
1389,41,None,48,47.8,67.3,42.9,12,Yes
1390,18,Conservative,75,87,79.5,80.6,12,Yes
1391,23,None,33,54.6,68.3,21.5,12,Yes
1392,66,Conservative_Comedy,60,64.3,62.4,61.4,16,Yes
1393,27,Conservative_Liberal,60,60,75.4,89.3,8,Yes
1394,23,Conservative,24,35.7,43.4,34.7,16,Yes
1395,80,None,19,56.9,87.9,24.3,13,No
1396,65,Liberal,38,46.2,91.7,75,14,No
1397,44,Conservative_Liberal,65,49.5,76.8,78.3,15,Yes
1398,87,Conservative_Liberal,57,21.2,55.7,55,16,No
1399,93,Conservative_Liberal,96,41.2,94,91.1,18,No
1400,61,Conservative_Liberal,99,27.7,74.7,40.8,12,No
1401,23,None,24,67.6,44,31,12,Yes
1402,37,None,59,56.4,76.1,28.1,12,Yes
1403,75,None,31,9.1,88.5,61.6,13,No
1404,80,Liberal,67,59.8,21,23.8,16,No
1405,27,None,6,32.9,68,58.9,16,No
1406,49,None,35,48,53.7,19.3,12,No
1407,58,Conservative,62,41.9,61.4,71.4,18,No
1408,66,Liberal,12,56.7,98.2,51.8,16,Yes
1409,40,None,21,96.2,64.7,26.7,14,Yes
1410,32,None,32,83,73,62,12,No
1411,53,None,35,31.9,64.6,47.1,16,Yes
1412,96,Liberal_Comedy,55,47.1,81.8,59.2,16,Yes
1413,83,Conservative_Liberal,80,30.5,74.2,72.2,13,No
1414,52,None,39,22.3,91.5,35,13,Yes
1415,44,All,82,50.8,86.2,61,15,No
1416,40,Conservative,63,33.3,40.4,60.5,12,Yes
1417,44,Conservative_Liberal,91,55,55.5,63.9,12,No
1418,62,Conservative,84,23.4,99.5,43.7,16,No
1419,62,None,37,31.7,91.7,45.3,16,Yes
1420,49,None,38,45.2,85.9,59.2,17,Yes
1421,88,Comedy,50,55.8,64,22.1,16,No
1422,92,All,72,27.8,81.1,50.4,15,No
1423,75,Liberal,23,76.5,69.3,43.4,16,Yes
1424,83,None,26,43.8,97.3,29.8,16,Yes
1425,48,None,27,29,76.9,73.9,12,Yes
1426,97,Liberal,20,48.1,81.6,52.5,17,No
1427,75,Conservative_Comedy,89,50.6,61.5,62.5,13,No
1428,61,All,80,50.3,77.3,55.6,12,Yes
1429,93,Conservative,52,32.6,89.7,68.6,18,Yes
1430,57,None,40,28.6,60.2,44.2,12,No
1431,74,Conservative,35,40.9,58.2,70.3,13,No
1432,57,None,6,31.3,79.9,52.3,16,No
1433,49,None,32,53.6,88.2,70.2,14,Yes
1434,35,Conservative_Liberal,51,30.5,62.5,37.1,12,Yes
1435,92,Conservative,57,57.3,84,76.4,18,No
1436,24,None,6,39.5,64.8,64.8,14,Yes
1437,11,Liberal,13,31.7,75.5,65.5,13,No
1438,79,None,36,52.4,69.9,36.6,16,No
1439,31,None,40,62,35.3,58.3,12,Yes
1440,79,All,41,33.1,55.4,85.3,12,Yes
1441,84,Conservative_Liberal,77,49.4,99.8,63.9,17,Yes
1442,71,None,39,57.1,96.4,41.6,17,No
1443,70,None,55,72.2,75.8,51.4,12,Yes
1444,88,Liberal_Comedy,50,90,84,62.5,16,Yes
1445,79,Comedy,62,42.5,82,48,13,Yes
1446,19,Conservative,51,46.5,65.2,32.2,12,Yes
1447,75,Conservative,66,27.1,95.2,64.4,13,No
1448,31,Conservative,69,52.2,80.4,93.4,18,No
1449,84,Liberal,56,31.1,74.7,82.1,17,No
1450,1,None,10,27,34,77,11,Yes
1451,71,Conservative,62,22.7,89,51.7,12,No
1452,65,Conservative,92,46.1,94.9,58.4,13,Yes
1453,62,Conservative_Comedy,100,22.3,77.5,60.9,14,Yes
1454,28,None,36,53.5,53.6,25.8,12,Yes
1455,48,Conservative,25,40.9,40.6,32.9,13,Yes
1456,84,Conservative,77,40.1,73,40.6,16,No
1457,79,Conservative,33,0.9,75.1,49.4,17,Yes
1458,58,Liberal_Comedy,22,66.3,65.4,35.1,17,No
1459,67,Conservative,40,57,86.6,62,14,No
1460,63,Liberal,69,76.6,69.7,35.5,18,No
1461,49,None,32,27.2,53.8,81.1,10,Yes
1462,39,None,41,22.8,57,28.5,16,Yes
1463,39,Conservative,46,62.8,67.7,54.6,12,Yes
1464,49,Liberal_Comedy,58,65.9,87,35.5,16,Yes
1465,31,None,26,39.4,75.8,69,14,Yes
1466,75,None,26,76.3,74.2,58.1,15,Yes
1467,58,Conservative,57,59.1,86.6,45.7,12,Yes
1468,28,None,29,75.4,85.6,56,12,No
1469,22,Conservative,20,68.5,68.8,59.8,8,No
1470,45,None,24,41,97.8,19.7,12,No
1471,32,Conservative,71,45,82.4,75.5,12,No
1472,44,Liberal,33,13.4,47.5,66,12,Yes
1473,65,Liberal,50,51.8,83.5,53,13,Yes
1474,70,None,62,53.5,76.9,52.8,13,No
1475,76,Conservative,20,58,82.1,70.8,12,Yes
1476,40,None,22,55,59.4,46.7,12,No
1477,71,None,20,29,76.5,26.4,16,No
1478,28,Conservative,61,38.3,87.1,85.7,15,Yes
1479,93,Conservative_Liberal,56,27.2,97.7,63.6,16,No
1480,70,None,39,27.3,51.5,67.3,13,No
1481,35,None,58,38,99.3,30.4,14,Yes
1482,36,None,38,43.4,40,18.8,12,No
1483,75,None,59,47,75.3,58.8,12,Yes
1484,97,Liberal,74,42.2,82.3,40.5,17,No
1485,57,Liberal,34,23.2,39,37.8,12,Yes
1486,66,Conservative,95,53.6,86.8,82.3,18,No
1487,35,None,14,78,85.2,50.1,12,Yes
1488,49,Liberal,36,57.3,37.2,43,16,No
1489,87,Liberal,42,64,73.1,57.3,16,No
1490,66,Conservative_Comedy,44,46,89.8,45.5,12,Yes
1491,88,Conservative_Liberal,73,46.9,99.9,60.9,18,Yes
1492,32,Conservative_Liberal,56,65.1,67.3,47.3,14,No
1493,44,None,24,39.5,87,18.4,9,No
1494,65,None,24,40.3,59.4,27.7,18,No
1495,57,None,28,52.3,75.5,46.5,12,No
1496,76,Liberal_Comedy,88,59.7,81.4,53.8,13,No
1497,36,Conservative,69,42.5,81.8,23,15,Yes
1498,62,Conservative,65,27.9,90.1,74.4,15,Yes
1499,57,Conservative_Liberal,42,95.9,77.8,70.3,11,No
1500,41,None,6,20.8,87,40,12,Yes
1501,44,Conservative_Liberal,74,44.1,55.5,47.6,14,Yes
1502,57,Conservative,33,40.3,80.8,29.9,15,No